id,first_name,last_name,email,gender,ip_address
1,Johnna,Goseling,jgoseling0@earthlink.net,Female,55.59.141.105
2,Lorry,Habbert,lhabbert1@about.com,Male,23.243.137.64
3,Shell,Deble,sdeble2@usgs.gov,Male,155.188.72.30
4,Isis,Karlolak,ikarlolak3@geocities.jp,Female,140.110.214.80
5,Francesca,Iorizzi,fiorizzi4@ucsd.edu,Female,74.47.220.231
6,Gilberta,Pursehouse,gpursehouse5@elegantthemes.com,Female,186.177.119.3
7,Theo,Palatini,tpalatini6@ted.com,Male,28.17.237.20
8,Hamlen,Austen,hausten7@ustream.tv,Male,107.104.86.90
9,Rob,Darbishire,rdarbishire8@dion.ne.jp,Male,237.169.34.239
10,Ilaire,Antonelli,iantonelli9@state.gov,Male,46.244.126.201
11,Shellie,Langtree,slangtreea@arstechnica.com,Female,171.101.122.100
12,Aloise,Smallpeice,asmallpeiceb@cnbc.com,Female,61.34.251.166
13,Ody,MacLese,omaclesec@cbsnews.com,Male,209.230.236.13
14,Kamilah,Bischoff,kbischoffd@chron.com,Female,98.81.106.53
15,Clemmy,Thynn,cthynne@nbcnews.com,Male,113.22.221.60
16,Cecil,Latham,clathamf@topsy.com,Male,38.123.152.173
17,Ferdy,Van Hault,fvanhaultg@google.pl,Male,211.210.164.32
18,Eunice,Grahl,egrahlh@surveymonkey.com,Female,66.242.37.123
19,Shaine,Cafferty,scaffertyi@biblegateway.com,Female,72.124.118.238
20,Vanya,Tomlinson,vtomlinsonj@amazonaws.com,Male,196.117.236.187
21,Dur,Paradine,dparadinek@hhs.gov,Male,180.104.77.66
22,Roda,Buttel,rbuttell@abc.net.au,Female,26.167.236.56
23,Franz,Strang,fstrangm@trellian.com,Male,246.218.125.2
24,Constantia,Ranstead,cransteadn@pbs.org,Female,216.155.18.199
25,Magda,McCrory,mmccroryo@wp.com,Female,105.248.38.58
26,Dredi,Dignon,ddignonp@seesaa.net,Female,241.149.117.125
27,Brendis,Give,bgiveq@who.int,Male,15.133.136.223
28,Flynn,Bredee,fbredeer@icio.us,Male,139.156.235.76
29,Bridie,Zealy,bzealys@sciencedaily.com,Female,228.21.64.128
30,Muriel,Patton,mpattont@dell.com,Female,240.213.77.30
31,Tracey,Bowdrey,tbowdreyu@engadget.com,Male,11.225.120.13
32,Bernardo,Dudliston,bdudlistonv@sourceforge.net,Male,204.147.187.229
33,Barty,Meade,bmeadew@google.de,Male,148.11.38.219
34,Westleigh,Sellor,wsellorx@statcounter.com,Male,73.208.164.169
35,Aurore,Eakly,aeaklyy@lycos.com,Female,38.171.148.39
36,Jolynn,Harcarse,jharcarsez@phoca.cz,Female,137.3.27.26
37,Dari,Thayre,dthayre10@fotki.com,Female,38.92.67.251
38,Olivie,Flipsen,oflipsen11@seesaa.net,Female,143.3.81.252
39,Valle,Loxston,vloxston12@dedecms.com,Male,43.73.71.238
40,Dorthy,Narey,dnarey13@princeton.edu,Female,13.30.173.130
41,Helenelizabeth,Craven,hcraven14@angelfire.com,Female,34.47.147.239
42,Mirilla,Biagioni,mbiagioni15@smh.com.au,Female,3.41.113.151
43,Lane,Worvell,lworvell16@oracle.com,Male,153.72.170.159
44,Jerrie,Fine,jfine17@timesonline.co.uk,Female,36.219.253.1
45,Misha,Pasterfield,mpasterfield18@woothemes.com,Female,196.19.11.197
46,Brantley,Samper,bsamper19@wordpress.com,Male,217.195.237.100
47,Nissa,Poschel,nposchel1a@addthis.com,Female,27.153.253.213
48,Mendel,Ickovici,mickovici1b@arstechnica.com,Male,61.60.240.98
49,Daisey,Allridge,dallridge1c@nydailynews.com,Female,213.18.173.127
50,Jedediah,Solan,jsolan1d@drupal.org,Male,242.244.108.202
51,Dotty,Hotson,dhotson1e@chron.com,Female,57.62.136.79
52,Daven,Wigelsworth,dwigelsworth1f@comsenz.com,Male,193.201.60.228
53,Tybi,Laidler,tlaidler1g@apple.com,Female,165.119.126.68
54,Stillmann,Mainwaring,smainwaring1h@arizona.edu,Male,97.232.229.215
55,Trey,Verissimo,tverissimo1i@goodreads.com,Male,119.10.152.98
56,Marcellus,Martinek,mmartinek1j@fema.gov,Male,80.105.98.219
57,Troy,MacCrackan,tmaccrackan1k@apple.com,Male,41.37.41.12
58,Ingaberg,Tosney,itosney1l@dion.ne.jp,Female,131.124.29.80
59,Bernelle,Dain,bdain1m@squidoo.com,Female,172.229.215.49
60,Deana,Milby,dmilby1n@shop-pro.jp,Female,122.74.22.50
61,Tyler,Rewbottom,trewbottom1o@ucsd.edu,Male,247.238.153.6
62,Odey,Dougal,odougal1p@state.gov,Male,123.214.128.19
63,Far,Lusk,flusk1q@elegantthemes.com,Male,233.214.175.123
64,Gabie,M'Quhan,gmquhan1r@wunderground.com,Male,107.146.141.240
65,Haywood,Varnam,hvarnam1s@eventbrite.com,Male,99.48.255.227
66,Celestina,Voden,cvoden1t@hexun.com,Female,136.77.126.62
67,Lezlie,Keighly,lkeighly1u@sun.com,Female,21.227.172.0
68,Rycca,Worgan,rworgan1v@symantec.com,Female,170.152.47.188
69,Donni,Rupel,drupel1w@sciencedaily.com,Female,65.226.17.119
70,Dolly,Liston,dliston1x@vistaprint.com,Female,115.43.234.64
71,Ethelyn,Eger,eeger1y@dailymotion.com,Female,237.53.198.205
72,Pedro,Edgerley,pedgerley1z@uol.com.br,Male,158.53.17.237
73,Sarge,Stent,sstent20@columbia.edu,Male,18.253.109.217
74,Somerset,Atcheson,satcheson21@ucla.edu,Male,19.66.162.9
75,Andreas,Barnwill,abarnwill22@discuz.net,Male,117.141.123.151
76,Jaimie,Mahomet,jmahomet23@paginegialle.it,Male,163.106.51.175
77,Mariejeanne,Monkeman,mmonkeman24@skype.com,Female,2.195.103.33
78,Robinette,Brane,rbrane25@indiatimes.com,Female,33.122.80.151
79,Gizela,Fido,gfido26@pcworld.com,Female,46.109.2.33
80,Gnni,Schubbert,gschubbert27@wiley.com,Female,101.191.185.99
81,Pedro,Vaz,pvaz28@vk.com,Male,87.187.193.44
82,Araldo,Cleaves,acleaves29@unblog.fr,Male,132.130.133.119
83,Jeremiah,Aylward,jaylward2a@engadget.com,Male,171.46.203.19
84,Michael,Berrane,mberrane2b@lycos.com,Male,249.53.91.18
85,Adel,Orkney,aorkney2c@surveymonkey.com,Female,190.11.173.65
86,Leland,Beharrell,lbeharrell2d@wiley.com,Male,163.95.131.126
87,Jodee,Stanway,jstanway2e@samsung.com,Female,105.213.252.50
88,Dun,McGahern,dmcgahern2f@patch.com,Male,55.250.216.53
89,Erich,MacGillivrie,emacgillivrie2g@npr.org,Male,9.99.232.252
90,Mendie,Dunnett,mdunnett2h@spiegel.de,Male,28.145.81.94
91,Gaspard,Moatt,gmoatt2i@skyrock.com,Male,48.85.156.18
92,Kriste,Waddington,kwaddington2j@goo.gl,Female,48.108.46.169
93,Lindsay,Finnimore,lfinnimore2k@phoca.cz,Female,205.227.218.190
94,Paddie,Membry,pmembry2l@china.com.cn,Male,120.186.97.234
95,Marin,Saynor,msaynor2m@icq.com,Female,99.150.30.195
96,Stephie,Filipputti,sfilipputti2n@businesswire.com,Female,197.106.1.193
97,Skippy,Lightwood,slightwood2o@craigslist.org,Male,92.151.141.1
98,Erskine,Schirach,eschirach2p@chicagotribune.com,Male,196.127.143.71
99,Erena,Pither,epither2q@1688.com,Female,49.92.10.128
100,Bartlet,Stopper,bstopper2r@ehow.com,Male,11.147.76.216
101,Sebastien,Maddigan,smaddigan2s@imdb.com,Male,49.40.135.154
102,Alec,Canacott,acanacott2t@bloglovin.com,Male,247.82.137.78
103,Francois,Playle,fplayle2u@360.cn,Male,4.202.61.119
104,Byran,Eastridge,beastridge2v@home.pl,Male,94.100.209.10
105,Timmy,Jurges,tjurges2w@cnn.com,Male,157.72.73.97
106,Robbin,Eastbury,reastbury2x@github.io,Female,23.224.225.39
107,Leoine,Rosensaft,lrosensaft2y@diigo.com,Female,209.131.106.247
108,Blakeley,Brookwell,bbrookwell2z@hc360.com,Female,86.39.222.220
109,Lawrence,Damant,ldamant30@weibo.com,Male,121.197.78.73
110,Sydel,Boak,sboak31@cyberchimps.com,Female,162.252.44.114
111,Marcille,Walcher,mwalcher32@jugem.jp,Female,93.184.87.74
112,Zerk,Raddish,zraddish33@sun.com,Male,27.187.56.212
113,Querida,Ilyasov,qilyasov34@bing.com,Female,98.161.153.88
114,Merrilee,Butcher,mbutcher35@paginegialle.it,Female,243.49.44.90
115,Inglebert,Kirtland,ikirtland36@google.de,Male,90.161.241.8
116,Thomasine,Keir,tkeir37@nationalgeographic.com,Female,121.71.27.164
117,Orton,Geffinger,ogeffinger38@dyndns.org,Male,7.195.140.152
118,Leeland,Sego,lsego39@creativecommons.org,Male,92.122.49.185
119,Meryl,Bonevant,mbonevant3a@artisteer.com,Female,254.170.67.49
120,Orazio,MacGettigen,omacgettigen3b@japanpost.jp,Male,152.72.226.17
121,Jamima,Kleis,jkleis3c@icq.com,Female,72.195.108.226
122,Hugo,Widmore,hwidmore3d@sciencedaily.com,Male,176.113.83.248
123,Fania,Sidsaff,fsidsaff3e@e-recht24.de,Female,244.37.223.37
124,Godiva,Rathborne,grathborne3f@gravatar.com,Female,168.146.13.114
125,Garvey,Dufaur,gdufaur3g@yale.edu,Male,33.22.174.103
126,Sylvan,Corington,scorington3h@va.gov,Male,149.48.108.255
127,Genevra,McCully,gmccully3i@earthlink.net,Female,221.13.60.218
128,Lyndy,de Mendoza,ldemendoza3j@netlog.com,Female,48.212.57.234
129,Gregoor,Hyde,ghyde3k@paginegialle.it,Male,192.4.61.210
130,Benetta,Farnsworth,bfarnsworth3l@army.mil,Female,174.62.105.132
131,Cecil,Sewill,csewill3m@xinhuanet.com,Male,24.244.19.201
132,Emmit,Klugman,eklugman3n@t-online.de,Male,14.162.82.34
133,Herta,Mayers,hmayers3o@xinhuanet.com,Female,236.255.54.222
134,Hamil,Heinssen,hheinssen3p@google.pl,Male,191.151.19.0
135,Charline,Baden,cbaden3q@imageshack.us,Female,118.69.78.123
136,Clea,Baddoe,cbaddoe3r@clickbank.net,Female,254.21.182.238
137,Hazlett,Dollar,hdollar3s@booking.com,Male,237.64.168.251
138,Kurt,Hambly,khambly3t@nbcnews.com,Male,34.78.111.46
139,Pamella,Gammidge,pgammidge3u@google.es,Female,158.133.198.123
140,Tomaso,Petran,tpetran3v@zimbio.com,Male,194.41.73.163
141,Eirena,Pautot,epautot3w@linkedin.com,Female,7.246.112.204
142,Justino,Shenley,jshenley3x@wikipedia.org,Male,18.164.111.145
143,Lorie,Malzard,lmalzard3y@yolasite.com,Female,178.166.238.56
144,Cchaddie,Dodimead,cdodimead3z@nsw.gov.au,Male,206.234.168.226
145,Clarence,Brayford,cbrayford40@mozilla.org,Male,18.249.37.235
146,Jillayne,Kobsch,jkobsch41@wordpress.com,Female,13.29.68.252
147,Winny,Ridding,wridding42@mac.com,Female,26.43.115.9
148,Elva,Keveren,ekeveren43@phpbb.com,Female,187.167.54.164
149,Krystal,Mc Caghan,kmccaghan44@freewebs.com,Female,90.73.224.149
150,Christos,Ibbs,cibbs45@tripadvisor.com,Male,225.54.185.196
151,Alyssa,Goakes,agoakes46@rakuten.co.jp,Female,252.33.105.35
152,Elvis,Mapstone,emapstone47@t.co,Male,242.42.53.56
153,Joshuah,Keizman,jkeizman48@tamu.edu,Male,17.240.167.103
154,Linc,Braim,lbraim49@apache.org,Male,156.46.216.90
155,Hewe,Gras,hgras4a@stumbleupon.com,Male,46.123.144.198
156,Duky,Osmint,dosmint4b@ning.com,Male,124.77.196.59
157,Kimberlee,Elfe,kelfe4c@theglobeandmail.com,Female,194.170.51.31
158,Edvard,Cheltnam,echeltnam4d@clickbank.net,Male,69.67.100.188
159,Emmerich,Gain,egain4e@indiatimes.com,Male,149.7.190.156
160,Amble,Ferreo,aferreo4f@edublogs.org,Male,70.194.234.0
161,Lanna,Yallop,lyallop4g@xing.com,Female,5.105.196.195
162,Melita,Filchakov,mfilchakov4h@plala.or.jp,Female,122.61.249.102
163,Tull,Cardenosa,tcardenosa4i@a8.net,Male,235.25.130.236
164,Timothy,Dusting,tdusting4j@rambler.ru,Male,167.220.22.36
165,Curr,Feldhammer,cfeldhammer4k@icq.com,Male,118.105.140.8
166,Michail,Cowdry,mcowdry4l@myspace.com,Male,173.12.110.214
167,Judd,McGibbon,jmcgibbon4m@instagram.com,Male,248.27.53.75
168,Anthiathia,Scranney,ascranney4n@gizmodo.com,Female,190.93.64.10
169,Cristina,MacKomb,cmackomb4o@si.edu,Female,33.236.146.5
170,Joletta,Rappaport,jrappaport4p@nyu.edu,Female,152.208.132.117
171,Maynard,Belleny,mbelleny4q@surveymonkey.com,Male,129.51.51.205
172,Salmon,Baudry,sbaudry4r@ft.com,Male,243.24.158.10
173,Erina,Letessier,eletessier4s@csmonitor.com,Female,137.192.148.210
174,Sean,Pennycock,spennycock4t@sun.com,Male,98.189.6.91
175,Gunther,Lasslett,glasslett4u@ustream.tv,Male,130.37.57.227
176,Cori,Millyard,cmillyard4v@over-blog.com,Male,21.208.188.252
177,Aubrie,Lovatt,alovatt4w@dagondesign.com,Female,92.200.33.122
178,Ninon,Beels,nbeels4x@amazon.co.jp,Female,95.36.63.169
179,Dominik,Steventon,dsteventon4y@wikimedia.org,Male,160.96.234.157
180,Emili,Caine,ecaine4z@washingtonpost.com,Female,221.88.127.207
181,Patsy,Marran,pmarran50@networkadvertising.org,Male,100.118.27.101
182,Leila,Van Hault,lvanhault51@moonfruit.com,Female,64.54.64.179
183,Tabatha,Pawlaczyk,tpawlaczyk52@macromedia.com,Female,62.196.141.78
184,Eveline,Peto,epeto53@tiny.cc,Female,196.1.126.59
185,Mathias,Kite,mkite54@elpais.com,Male,84.102.244.54
186,Calhoun,Dabell,cdabell55@jiathis.com,Male,150.71.239.108
187,Dorothea,Kilshaw,dkilshaw56@google.es,Female,235.22.35.24
188,Neil,Howard - Gater,nhowardgater57@clickbank.net,Male,183.144.71.122
189,Wayland,Orton,worton58@macromedia.com,Male,36.137.165.250
190,Gregor,Oehm,goehm59@hugedomains.com,Male,213.85.230.64
191,Grange,McCurlye,gmccurlye5a@eepurl.com,Male,179.123.129.181
192,Aurea,Waldrum,awaldrum5b@biglobe.ne.jp,Female,243.231.228.234
193,Carmella,Seywood,cseywood5c@icio.us,Female,133.79.222.33
194,Pryce,Skillington,pskillington5d@fotki.com,Male,118.122.121.186
195,Mallory,Asser,masser5e@sbwire.com,Male,67.33.106.233
196,Ancell,Hannent,ahannent5f@goo.gl,Male,3.246.216.185
197,Dukey,Gerred,dgerred5g@zdnet.com,Male,72.114.38.42
198,Dorolisa,Prosch,dprosch5h@shareasale.com,Female,242.183.201.157
199,Veronique,Rylands,vrylands5i@vimeo.com,Female,20.78.60.140
200,Dermot,Wigley,dwigley5j@psu.edu,Male,214.55.249.87
201,Wini,Daglish,wdaglish5k@imageshack.us,Female,122.186.197.221
202,Kacy,Pettinger,kpettinger5l@statcounter.com,Female,43.228.46.110
203,Billy,Basset,bbasset5m@over-blog.com,Female,211.6.202.121
204,Kev,Dobel,kdobel5n@live.com,Male,146.203.31.85
205,Hugh,Lemmanbie,hlemmanbie5o@last.fm,Male,59.99.118.199
206,Montgomery,Gibby,mgibby5p@jiathis.com,Male,115.225.51.204
207,Geno,Perceval,gperceval5q@diigo.com,Male,192.238.49.99
208,Shea,Pluthero,spluthero5r@51.la,Male,143.246.110.70
209,Massimiliano,Renols,mrenols5s@hubpages.com,Male,152.210.123.104
210,Darcie,Burdess,dburdess5t@oaic.gov.au,Female,184.14.132.7
211,Ashien,Tokley,atokley5u@globo.com,Female,243.74.105.100
212,Padriac,Wagstaff,pwagstaff5v@qq.com,Male,133.53.127.35
213,Marcy,Reynoldson,mreynoldson5w@tripod.com,Female,47.24.184.206
214,Jayme,Tuxell,jtuxell5x@chicagotribune.com,Male,195.165.65.173
215,Ax,Kubista,akubista5y@ocn.ne.jp,Male,248.183.239.241
216,Amity,Bryenton,abryenton5z@lycos.com,Female,221.229.155.175
217,Conchita,Rouff,crouff60@un.org,Female,209.195.80.223
218,Livvie,Philipet,lphilipet61@go.com,Female,174.168.200.142
219,Cindi,Ghelerdini,cghelerdini62@fotki.com,Female,242.242.71.48
220,Guillermo,Copnar,gcopnar63@google.de,Male,5.80.245.22
221,Deni,Summerbell,dsummerbell64@drupal.org,Female,78.11.163.65
222,Corny,Gudahy,cgudahy65@google.it,Female,233.100.250.193
223,Lil,Kempton,lkempton66@vkontakte.ru,Female,230.109.137.235
224,Debor,Yeudall,dyeudall67@yale.edu,Female,218.38.103.112
225,Amery,Coumbe,acoumbe68@uiuc.edu,Male,155.186.150.195
226,Dannel,Marsland,dmarsland69@google.fr,Male,24.6.138.208
227,Valentina,Boater,vboater6a@friendfeed.com,Female,27.17.49.37
228,Lorrie,Pleace,lpleace6b@auda.org.au,Female,90.60.86.177
229,Arley,Rhoddie,arhoddie6c@opensource.org,Male,22.123.59.190
230,Guthrey,Stilgo,gstilgo6d@hc360.com,Male,106.130.249.28
231,Winni,Sawden,wsawden6e@harvard.edu,Female,249.170.104.162
232,Alberta,Woollcott,awoollcott6f@spotify.com,Female,231.74.204.238
233,Dedie,Cathro,dcathro6g@examiner.com,Female,211.250.110.105
234,Neely,Hagston,nhagston6h@mtv.com,Female,84.25.218.114
235,Alano,Steels,asteels6i@thetimes.co.uk,Male,225.232.61.63
236,Sidnee,Piele,spiele6j@studiopress.com,Male,110.116.42.98
237,Cristiano,Ashurst,cashurst6k@pbs.org,Male,84.89.145.132
238,Carly,Redshaw,credshaw6l@parallels.com,Female,215.129.52.123
239,Abby,Bendig,abendig6m@archive.org,Male,54.22.1.157
240,Clarence,Ferro,cferro6n@vimeo.com,Male,120.178.79.84
241,Caritta,Senett,csenett6o@sogou.com,Female,178.123.56.137
242,Dianna,Beggs,dbeggs6p@360.cn,Female,114.169.0.98
243,Rickey,Baulcombe,rbaulcombe6q@imageshack.us,Male,203.40.69.241
244,Rafferty,Iveson,riveson6r@weather.com,Male,248.146.74.3
245,Sharleen,Clint,sclint6s@washingtonpost.com,Female,109.20.107.231
246,Emelia,Iglesias,eiglesias6t@google.ca,Female,81.41.146.124
247,Tann,Oddboy,toddboy6u@berkeley.edu,Male,60.243.47.83
248,Shir,Basire,sbasire6v@mtv.com,Female,115.189.222.169
249,Shaina,Hellmore,shellmore6w@spiegel.de,Female,78.231.3.28
250,Dael,Cescot,dcescot6x@digg.com,Male,7.33.250.70
251,Susanetta,Eddicott,seddicott6y@weather.com,Female,191.230.97.151
252,Piotr,Hugueville,phugueville6z@furl.net,Male,166.207.235.66
253,Shanna,Ruddle,sruddle70@soup.io,Female,63.167.238.249
254,Gareth,Cogman,gcogman71@upenn.edu,Male,28.77.12.32
255,Biddie,Gotts,bgotts72@ed.gov,Female,177.40.143.12
256,Arther,Milbourn,amilbourn73@princeton.edu,Male,46.150.157.207
257,Rosalynd,McCaughan,rmccaughan74@vkontakte.ru,Female,160.162.17.122
258,Crichton,Shevlan,cshevlan75@free.fr,Male,1.75.167.50
259,Blaire,Shambroke,bshambroke76@google.com.br,Female,63.108.92.141
260,Shirleen,Tomenson,stomenson77@freewebs.com,Female,55.95.95.31
261,Genevra,Shead,gshead78@smh.com.au,Female,172.144.212.53
262,Aryn,Cestard,acestard79@phoca.cz,Female,120.112.131.218
263,Albert,Portinari,aportinari7a@accuweather.com,Male,165.118.152.250
264,Rickey,Doley,rdoley7b@paypal.com,Male,239.171.46.177
265,Enos,Grayshan,egrayshan7c@weather.com,Male,72.134.187.157
266,Katya,Bamlet,kbamlet7d@list-manage.com,Female,210.229.39.172
267,Mic,Dybald,mdybald7e@vistaprint.com,Male,128.238.247.60
268,Mayer,Whimpenny,mwhimpenny7f@homestead.com,Male,96.61.87.107
269,Udale,Paddell,upaddell7g@apple.com,Male,158.249.135.95
270,Josias,Pott,jpott7h@mit.edu,Male,236.208.119.86
271,Barnaby,Perkinson,bperkinson7i@ucla.edu,Male,109.75.238.217
272,Ciro,Innwood,cinnwood7j@comcast.net,Male,23.23.170.217
273,Ingrim,Hallick,ihallick7k@accuweather.com,Male,184.226.165.240
274,Raphaela,Sworder,rsworder7l@chron.com,Female,237.168.65.156
275,Joe,Hendrick,jhendrick7m@macromedia.com,Male,99.168.237.219
276,Merrily,O'Dowling,modowling7n@businesswire.com,Female,123.190.48.93
277,Ottilie,Astie,oastie7o@goo.gl,Female,76.126.161.215
278,Hayward,Korf,hkorf7p@hubpages.com,Male,16.17.217.129
279,Germayne,Vick,gvick7q@va.gov,Male,114.84.174.76
280,Melodie,Asals,masals7r@scribd.com,Female,103.131.167.100
281,Curran,Mulhill,cmulhill7s@blog.com,Male,109.254.60.133
282,Gretal,Scartifield,gscartifield7t@multiply.com,Female,51.179.234.118
283,Lissa,Sandy,lsandy7u@nih.gov,Female,148.45.196.192
284,Eugenie,Oldall,eoldall7v@cocolog-nifty.com,Female,169.172.66.148
285,Ric,Leicester,rleicester7w@wisc.edu,Male,139.68.77.106
286,Ervin,Moreinu,emoreinu7x@dropbox.com,Male,85.235.124.113
287,Godwin,Brecher,gbrecher7y@lulu.com,Male,133.212.158.25
288,Beltran,Haysom,bhaysom7z@themeforest.net,Male,59.173.249.165
289,Nye,de Keep,ndekeep80@jimdo.com,Male,228.60.205.13
290,Alicea,Hastie,ahastie81@ucla.edu,Female,3.58.37.117
291,Giacobo,Okell,gokell82@nasa.gov,Male,172.195.7.81
292,Chet,Jeacock,cjeacock83@usa.gov,Male,118.215.244.233
293,Ailis,Farra,afarra84@statcounter.com,Female,78.50.177.63
294,Emilio,Wattam,ewattam85@reverbnation.com,Male,123.243.79.172
295,Konrad,Hearnaman,khearnaman86@blog.com,Male,49.102.219.49
296,Dicky,Carme,dcarme87@jimdo.com,Male,145.192.84.240
297,Carma,Baptiste,cbaptiste88@csmonitor.com,Female,97.168.196.30
298,Wyatan,Newman,wnewman89@so-net.ne.jp,Male,96.224.2.74
299,Flem,Ponter,fponter8a@bigcartel.com,Male,123.58.18.41
300,Sigismundo,Cullington,scullington8b@slashdot.org,Male,255.112.6.131
301,Weber,Joynt,wjoynt8c@bravesites.com,Male,141.214.195.72
302,Early,Befroy,ebefroy8d@google.co.jp,Male,27.196.31.142
303,Vinny,Pearmain,vpearmain8e@nih.gov,Female,50.19.250.150
304,Findlay,Tugwell,ftugwell8f@columbia.edu,Male,95.51.232.253
305,Denis,McAllan,dmcallan8g@123-reg.co.uk,Male,236.106.229.212
306,Opalina,Prine,oprine8h@photobucket.com,Female,178.153.132.125
307,Rosanna,Dumper,rdumper8i@hostgator.com,Female,144.107.251.206
308,Salem,Font,sfont8j@mozilla.com,Male,91.51.144.22
309,Clywd,Hulbert,chulbert8k@tamu.edu,Male,170.10.183.16
310,Mechelle,Piggott,mpiggott8l@fda.gov,Female,153.118.143.145
311,Aryn,Aubery,aaubery8m@tinyurl.com,Female,31.253.100.152
312,Bunni,O' Cuolahan,bocuolahan8n@umich.edu,Female,172.28.79.69
313,Lorant,Blinman,lblinman8o@wiley.com,Male,133.234.120.61
314,Sheppard,McBride,smcbride8p@over-blog.com,Male,187.20.90.211
315,Shellysheldon,Thonason,sthonason8q@ebay.com,Male,173.66.153.175
316,Lowell,Anthona,lanthona8r@infoseek.co.jp,Male,43.95.92.175
317,Nelle,Aubury,naubury8s@ted.com,Female,123.209.74.77
318,Gertruda,Sarrell,gsarrell8t@mail.ru,Female,22.181.161.13
319,Pedro,Stookes,pstookes8u@wired.com,Male,77.122.224.125
320,Brooks,McGaughie,bmcgaughie8v@cornell.edu,Male,140.160.103.44
321,Laurence,Pownall,lpownall8w@stanford.edu,Male,136.85.188.242
322,Gerianne,Bootyman,gbootyman8x@illinois.edu,Female,75.189.5.19
323,Vance,Stamper,vstamper8y@dedecms.com,Male,126.147.209.159
324,Tod,Naisby,tnaisby8z@ow.ly,Male,127.158.65.186
325,Hermina,Nockells,hnockells90@bravesites.com,Female,194.203.49.215
326,Angelle,Lowthian,alowthian91@barnesandnoble.com,Female,7.126.123.71
327,Conrado,Colbourn,ccolbourn92@whitehouse.gov,Male,13.170.63.24
328,Inga,Berling,iberling93@edublogs.org,Female,113.94.131.30
329,Joela,Carrigan,jcarrigan94@paypal.com,Female,245.0.187.76
330,Jemmie,O'Mannion,jomannion95@ehow.com,Female,234.158.213.177
331,Cherlyn,Bigby,cbigby96@businesswire.com,Female,225.38.77.235
332,Aurilia,Abrehart,aabrehart97@pinterest.com,Female,73.146.193.63
333,Ferdie,Hanaby,fhanaby98@intel.com,Male,127.228.245.16
334,Rex,Kanzler,rkanzler99@techcrunch.com,Male,24.172.139.35
335,Ofilia,Hinksen,ohinksen9a@slideshare.net,Female,0.92.94.167
336,Basia,Lay,blay9b@google.co.uk,Female,251.196.73.125
337,Claudell,Meffin,cmeffin9c@baidu.com,Male,57.15.33.116
338,Alyosha,Drayton,adrayton9d@google.de,Male,252.82.184.254
339,Drake,Willes,dwilles9e@shutterfly.com,Male,240.182.226.188
340,Eziechiele,Prescott,eprescott9f@youku.com,Male,249.144.235.225
341,Ursuline,Rendbaek,urendbaek9g@usnews.com,Female,24.28.79.240
342,Emanuele,Meriot,emeriot9h@google.com,Male,81.70.146.160
343,Bria,Holtom,bholtom9i@storify.com,Female,16.11.223.166
344,Ginny,Glendenning,gglendenning9j@engadget.com,Female,141.112.225.105
345,Clarance,Andrus,candrus9k@google.co.uk,Male,78.117.10.240
346,Elmo,Strewthers,estrewthers9l@washingtonpost.com,Male,71.106.48.102
347,Moina,Croux,mcroux9m@51.la,Female,240.89.247.112
348,Ezri,Cowoppe,ecowoppe9n@latimes.com,Male,83.215.78.206
349,Caritta,Basillon,cbasillon9o@netvibes.com,Female,74.155.56.217
350,Wat,Iacobo,wiacobo9p@whitehouse.gov,Male,68.5.224.29
351,Con,Grevel,cgrevel9q@prweb.com,Male,189.208.143.123
352,Yasmeen,Elstow,yelstow9r@domainmarket.com,Female,115.128.208.58
353,Laurella,Goudman,lgoudman9s@quantcast.com,Female,60.123.62.87
354,Brooks,Rumbelow,brumbelow9t@aol.com,Male,59.66.71.102
355,Tades,Manshaw,tmanshaw9u@squidoo.com,Male,100.78.63.89
356,Leonore,Lazell,llazell9v@histats.com,Female,21.110.235.163
357,Judon,Cropton,jcropton9w@google.ca,Male,94.207.155.111
358,Christoffer,Reims,creims9x@mozilla.com,Male,70.41.85.114
359,Gwenora,Postgate,gpostgate9y@sciencedirect.com,Female,109.20.59.173
360,Maynord,Blois,mblois9z@intel.com,Male,45.20.239.149
361,Levon,Soloway,lsolowaya0@unc.edu,Male,44.49.21.123
362,Trixi,Zannuto,tzannutoa1@prweb.com,Female,177.105.28.58
363,Mariejeanne,Narracott,mnarracotta2@rakuten.co.jp,Female,14.179.245.185
364,Alfie,Senecaut,asenecauta3@time.com,Male,196.222.98.4
365,Modestine,Dockery,mdockerya4@cbc.ca,Female,39.154.165.178
366,Leon,Ivens,livensa5@cam.ac.uk,Male,67.4.173.231
367,Rollins,Wagnerin,rwagnerina6@ameblo.jp,Male,28.225.197.158
368,Kristin,Risbie,krisbiea7@goo.gl,Female,239.176.123.219
369,Teressa,Placide,tplacidea8@thetimes.co.uk,Female,67.163.45.246
370,Jillane,Raymont,jraymonta9@samsung.com,Female,17.240.169.8
371,Sutherlan,Landal,slandalaa@comcast.net,Male,21.7.8.207
372,Amelina,Bicknell,abicknellab@miibeian.gov.cn,Female,38.4.252.61
373,Glynn,Speeding,gspeedingac@constantcontact.com,Male,13.197.137.3
374,Alic,Thring,athringad@oaic.gov.au,Male,120.17.24.101
375,Angelita,Weedall,aweedallae@etsy.com,Female,42.180.14.201
376,Alexine,Mulqueen,amulqueenaf@usnews.com,Female,203.13.5.142
377,Jeffrey,Pirt,jpirtag@e-recht24.de,Male,137.46.224.146
378,Amelina,Lyle,alyleah@sun.com,Female,54.179.219.209
379,Christophe,Maasze,cmaaszeai@yellowpages.com,Male,222.166.250.213
380,Dorisa,Dann,ddannaj@unesco.org,Female,9.5.76.186
381,Colas,Driffield,cdriffieldak@jimdo.com,Male,18.104.173.192
382,Wood,Vivers,wviversal@spotify.com,Male,122.212.95.53
383,Sheppard,Kearn,skearnam@scientificamerican.com,Male,84.23.77.238
384,Doretta,Kirimaa,dkirimaaan@netvibes.com,Female,83.145.237.217
385,Renata,Stockport,rstockportao@hugedomains.com,Female,173.198.137.34
386,Rodney,Lumsdall,rlumsdallap@com.com,Male,243.101.64.187
387,Evangeline,Jedryka,ejedrykaaq@ed.gov,Female,149.24.157.108
388,Baxy,Emmerson,bemmersonar@webs.com,Male,27.50.126.151
389,Karleen,MacKill,kmackillas@last.fm,Female,61.220.168.9
390,Holli,Minton,hmintonat@goodreads.com,Female,85.86.91.62
391,Rikki,Leggon,rleggonau@marriott.com,Female,248.37.243.137
392,Connor,Hame,chameav@washington.edu,Male,227.103.17.113
393,Cash,Espinos,cespinosaw@yahoo.com,Male,67.235.177.190
394,Junie,Westmorland,jwestmorlandax@oaic.gov.au,Female,118.218.8.38
395,Giffy,Siseland,gsiselanday@naver.com,Male,40.236.103.190
396,Prissie,Measen,pmeasenaz@dot.gov,Female,50.74.0.254
397,Clyve,Coils,ccoilsb0@wikimedia.org,Male,221.17.40.174
398,Cecelia,Harnes,charnesb1@dyndns.org,Female,23.143.109.166
399,Hurleigh,Leacock,hleacockb2@shutterfly.com,Male,120.168.151.16
400,Farand,Warrilow,fwarrilowb3@apache.org,Female,106.172.163.124
401,Giulio,Heavy,gheavyb4@surveymonkey.com,Male,36.189.190.31
402,Jakie,Abrams,jabramsb5@so-net.ne.jp,Male,138.151.38.213
403,Daloris,Fevers,dfeversb6@qq.com,Female,242.135.209.211
404,Fowler,Killen,fkillenb7@shareasale.com,Male,12.21.162.254
405,Gavra,Dutton,gduttonb8@mapy.cz,Female,97.145.233.175
406,Rosella,Izon,rizonb9@friendfeed.com,Female,68.225.242.49
407,Ev,Taunton,etauntonba@google.com.hk,Male,36.34.100.90
408,Chloris,Giberd,cgiberdbb@loc.gov,Female,87.133.189.227
409,Tallou,Itzhayek,titzhayekbc@moonfruit.com,Female,137.132.106.167
410,Nance,Drewitt,ndrewittbd@time.com,Female,137.86.32.189
411,Dru,Holbarrow,dholbarrowbe@ycombinator.com,Female,28.231.155.44
412,Keene,Andriesse,kandriessebf@gravatar.com,Male,139.39.70.167
413,Tammi,Drabble,tdrabblebg@ebay.com,Female,92.87.173.23
414,Paco,Philimore,pphilimorebh@ezinearticles.com,Male,86.54.71.64
415,Mattias,Lunney,mlunneybi@jigsy.com,Male,176.51.237.61
416,Arni,Grundey,agrundeybj@smh.com.au,Male,91.156.148.64
417,Gustavo,Bohden,gbohdenbk@google.cn,Male,200.114.51.252
418,Gabriell,Agar,gagarbl@photobucket.com,Female,41.26.242.160
419,Dylan,Redfield,dredfieldbm@hexun.com,Male,160.127.237.173
420,Marijo,Crackett,mcrackettbn@blinklist.com,Female,24.30.169.102
421,Norrie,Coburn,ncoburnbo@gizmodo.com,Male,178.12.87.187
422,Louise,Archambault,larchambaultbp@comsenz.com,Female,207.147.220.140
423,Gerianne,Boutellier,gboutellierbq@intel.com,Female,67.2.17.79
424,Den,Sellan,dsellanbr@hc360.com,Male,69.203.2.150
425,Marianne,Boardman,mboardmanbs@geocities.jp,Female,61.182.100.25
426,Juliana,Kloss,jklossbt@simplemachines.org,Female,185.61.141.241
427,Evangelin,Gunning,egunningbu@engadget.com,Female,51.177.171.91
428,Claudius,Skillern,cskillernbv@auda.org.au,Male,98.44.90.162
429,Ennis,Malcolmson,emalcolmsonbw@whitehouse.gov,Male,100.31.119.216
430,Twila,Carlens,tcarlensbx@miitbeian.gov.cn,Female,36.66.59.4
431,Benni,Walbrun,bwalbrunby@harvard.edu,Female,195.169.202.83
432,Barret,Moffett,bmoffettbz@netscape.com,Male,89.55.142.149
433,Cynde,Hourigan,chouriganc0@linkedin.com,Female,72.115.41.189
434,Ingrim,O'Doogan,iodooganc1@blinklist.com,Male,139.126.6.193
435,Torie,Andrieux,tandrieuxc2@creativecommons.org,Female,216.81.155.211
436,Melisenda,Allcott,mallcottc3@moonfruit.com,Female,186.183.143.16
437,Gran,Swales,gswalesc4@moonfruit.com,Male,250.114.253.139
438,Letti,Searchfield,lsearchfieldc5@e-recht24.de,Female,211.143.65.99
439,Morris,Dami,mdamic6@apple.com,Male,217.157.45.13
440,Tessie,Lomb,tlombc7@noaa.gov,Female,181.33.77.227
441,Edmund,Treweela,etreweelac8@sphinn.com,Male,67.172.134.216
442,Ali,Bern,abernc9@smh.com.au,Male,74.167.150.186
443,Flinn,Barnewall,fbarnewallca@wiley.com,Male,227.148.158.69
444,Perry,Dumsday,pdumsdaycb@so-net.ne.jp,Male,203.137.192.177
445,Allissa,Sreenan,asreenancc@toplist.cz,Female,66.85.122.220
446,Thorndike,Hazard,thazardcd@google.de,Male,49.199.166.128
447,Jorge,Van Der Weedenburg,jvanderweedenburgce@reference.com,Male,36.211.135.174
448,Drake,Blenkinship,dblenkinshipcf@cafepress.com,Male,230.209.65.250
449,Hyacinth,Schurcke,hschurckecg@senate.gov,Female,166.105.104.22
450,Sigrid,Innman,sinnmanch@ifeng.com,Female,73.250.55.111
451,Effie,Agar,eagarci@issuu.com,Female,240.209.118.4
452,Jermaine,Bullivent,jbulliventcj@wordpress.org,Male,115.210.114.69
453,Allegra,Cady,acadyck@bloglovin.com,Female,14.250.230.126
454,Hildagard,Dorling,hdorlingcl@weather.com,Female,187.218.198.96
455,Bastien,Celier,bceliercm@imageshack.us,Male,203.13.102.197
456,Fin,Ghiotto,fghiottocn@naver.com,Male,47.254.97.148
457,Raffaello,Uebel,ruebelco@studiopress.com,Male,100.98.125.51
458,Winona,Labitt,wlabittcp@istockphoto.com,Female,206.158.135.142
459,Steward,Trembley,strembleycq@intel.com,Male,97.14.134.18
460,Murial,Condict,mcondictcr@last.fm,Female,116.229.72.190
461,Kendre,Hallybone,khallybonecs@linkedin.com,Female,123.189.64.232
462,Emmit,Addekin,eaddekinct@nytimes.com,Male,190.62.106.13
463,Lexi,Menilove,lmenilovecu@geocities.jp,Female,75.70.130.173
464,Helen,Davidovic,hdavidoviccv@chronoengine.com,Female,96.163.218.58
465,Flor,Streetley,fstreetleycw@bluehost.com,Female,38.117.144.248
466,Gale,Christensen,gchristensencx@google.pl,Male,226.107.229.16
467,Georgia,Rimour,grimourcy@xing.com,Female,24.89.93.158
468,Reynolds,Sarfati,rsarfaticz@tripod.com,Male,129.185.197.219
469,Osmund,Copo,ocopod0@nba.com,Male,181.127.234.68
470,Sammie,Duval,sduvald1@nsw.gov.au,Male,121.225.92.157
471,Lynna,Pfertner,lpfertnerd2@buzzfeed.com,Female,242.176.25.70
472,Ursola,Frushard,ufrushardd3@creativecommons.org,Female,254.111.240.178
473,Shelba,Gebby,sgebbyd4@nyu.edu,Female,156.155.74.251
474,Mignon,Allicock,mallicockd5@hexun.com,Female,252.12.178.57
475,Spenser,Beasley,sbeasleyd6@techcrunch.com,Male,202.19.81.95
476,Wandie,Vasyukhnov,wvasyukhnovd7@eepurl.com,Female,45.182.211.197
477,Raymund,Boarder,rboarderd8@gmpg.org,Male,198.158.57.60
478,Willey,Bowery,wboweryd9@hubpages.com,Male,172.189.161.13
479,Jessa,Domaschke,jdomaschkeda@yahoo.com,Female,228.188.120.179
480,Josey,Shervington,jshervingtondb@psu.edu,Female,197.17.94.237
481,Clemmy,Kinsman,ckinsmandc@samsung.com,Male,169.100.153.2
482,Lucilia,Blasik,lblasikdd@wikimedia.org,Female,138.57.238.107
483,Joelly,Ingree,jingreede@businesswire.com,Female,216.61.246.148
484,Noby,Ingerith,ningerithdf@howstuffworks.com,Male,222.197.45.167
485,Aubree,Dumberell,adumberelldg@mit.edu,Female,43.227.55.148
486,Jenine,Comino,jcominodh@samsung.com,Female,105.157.143.110
487,Roselia,Kilsby,rkilsbydi@unc.edu,Female,90.122.134.254
488,Odelinda,Goncalo,ogoncalodj@sfgate.com,Female,158.208.132.121
489,Gwenni,Oxby,goxbydk@newyorker.com,Female,9.244.174.110
490,Zacharie,Bullene,zbullenedl@un.org,Male,126.123.29.201
491,Ailyn,Gland,aglanddm@ovh.net,Female,63.121.127.249
492,Calli,Coggell,ccoggelldn@omniture.com,Female,21.159.207.226
493,Siegfried,Olden,soldendo@wunderground.com,Male,28.43.131.222
494,Brodie,Hacquel,bhacqueldp@scribd.com,Male,138.24.7.107
495,Godwin,Cavee,gcaveedq@a8.net,Male,103.8.193.146
496,Herold,Rumke,hrumkedr@guardian.co.uk,Male,33.127.179.133
497,Lanie,De Gregorio,ldegregoriods@imageshack.us,Female,39.57.162.172
498,Rhianon,Tuffin,rtuffindt@twitter.com,Female,4.155.205.236
499,Dulcie,Loade,dloadedu@blogtalkradio.com,Female,13.16.65.123
500,Valera,Craze,vcrazedv@java.com,Female,62.248.101.106
501,Zorah,Akker,zakkerdw@umich.edu,Female,167.189.120.17
502,Gordon,Walesby,gwalesbydx@behance.net,Male,149.172.143.120
503,Jeremie,Wofenden,jwofendendy@mashable.com,Male,99.6.174.111
504,Lennie,Baddeley,lbaddeleydz@unc.edu,Male,36.95.165.222
505,Rufe,Alway,ralwaye0@umich.edu,Male,219.12.171.220
506,Zilvia,Nemchinov,znemchinove1@phoca.cz,Female,211.96.141.226
507,Avril,Whitecross,awhitecrosse2@squarespace.com,Female,122.227.77.99
508,Garald,Burgon,gburgone3@cpanel.net,Male,111.155.116.234
509,Reinhard,Leeder,rleedere4@cornell.edu,Male,46.30.210.152
510,Van,Smaile,vsmailee5@feedburner.com,Male,239.149.253.212
511,Rani,Maidstone,rmaidstonee6@domainmarket.com,Female,53.222.106.171
512,Sascha,Schottli,sschottlie7@blogs.com,Female,102.245.104.4
513,Marina,Beldom,mbeldome8@sfgate.com,Female,34.192.223.142
514,Haskell,Agar,hagare9@si.edu,Male,198.165.227.205
515,Perren,Cosens,pcosensea@deliciousdays.com,Male,32.16.229.250
516,Jard,Gaudin,jgaudineb@deviantart.com,Male,108.232.208.47
517,Lloyd,Jikovsky,ljikovskyec@stanford.edu,Male,171.22.146.24
518,Alex,Polye,apolyeed@bbb.org,Male,29.239.134.131
519,Dyane,Studders,dstuddersee@icio.us,Female,213.37.238.47
520,Bobina,Clulow,bclulowef@seesaa.net,Female,192.105.214.54
521,Janna,Zannutti,jzannuttieg@typepad.com,Female,90.36.10.162
522,Alphonso,Andric,aandriceh@freewebs.com,Male,179.196.199.113
523,Roshelle,Sansom,rsansomei@about.com,Female,71.44.131.231
524,Delia,Mundell,dmundellej@prlog.org,Female,66.193.250.21
525,Gardiner,Scane,gscaneek@chron.com,Male,139.80.54.228
526,Sallie,Navaro,snavaroel@apple.com,Female,126.138.14.228
527,Eudora,Tansly,etanslyem@blogs.com,Female,107.79.6.135
528,Mella,Higbin,mhigbinen@sina.com.cn,Female,225.118.156.188
529,Jobina,Dundendale,jdundendaleeo@globo.com,Female,12.171.211.196
530,Wyatan,Pursglove,wpursgloveep@vistaprint.com,Male,108.63.46.219
531,Gerome,Pepperell,gpepperelleq@google.pl,Male,48.50.17.210
532,Rafe,Sessuns,rsessunser@usgs.gov,Male,168.210.230.132
533,Andria,Ellerton,aellertones@webmd.com,Female,136.92.79.157
534,Ches,Clementucci,cclementucciet@microsoft.com,Male,166.190.222.108
535,Ingeborg,Goodlad,igoodladeu@quantcast.com,Female,228.16.33.238
536,Manya,Hymers,mhymersev@taobao.com,Female,112.30.27.48
537,Nerita,Dundon,ndundonew@sakura.ne.jp,Female,28.199.162.237
538,Cynthie,Althorpe,calthorpeex@list-manage.com,Female,105.162.72.211
539,Broderick,Nestoruk,bnestorukey@ycombinator.com,Male,231.179.144.138
540,Genna,Nizet,gnizetez@microsoft.com,Female,134.176.145.151
541,Kerianne,Moulsdall,kmoulsdallf0@skype.com,Female,101.159.122.55
542,Bordie,Pendrid,bpendridf1@meetup.com,Male,147.197.101.59
543,Madelena,Komorowski,mkomorowskif2@mapy.cz,Female,72.96.139.115
544,Charlean,Pitway,cpitwayf3@joomla.org,Female,8.67.45.145
545,Aube,Merigot,amerigotf4@biblegateway.com,Male,85.134.72.215
546,Rhianon,Tonkinson,rtonkinsonf5@auda.org.au,Female,127.24.195.148
547,Shaun,Girodon,sgirodonf6@yahoo.co.jp,Male,178.12.188.244
548,Hugo,Lark,hlarkf7@bigcartel.com,Male,244.156.90.86
549,Krissie,Diack,kdiackf8@boston.com,Female,34.187.80.178
550,Bondon,Nelsen,bnelsenf9@noaa.gov,Male,109.160.131.125
551,Letty,Gilroy,lgilroyfa@deliciousdays.com,Female,198.57.184.28
552,Shayla,Lassetter,slassetterfb@creativecommons.org,Female,131.31.223.2
553,Lynn,Leggis,lleggisfc@a8.net,Female,188.231.131.229
554,Theodore,Novis,tnovisfd@theglobeandmail.com,Male,211.20.32.123
555,Vincenz,Piens,vpiensfe@comsenz.com,Male,195.8.209.133
556,Palm,Streather,pstreatherff@yale.edu,Male,244.199.164.138
557,Mar,Hundell,mhundellfg@bizjournals.com,Male,234.104.235.125
558,Kevyn,Quinet,kquinetfh@businessinsider.com,Female,25.107.70.255
559,Kaja,Vido,kvidofi@edublogs.org,Female,144.249.203.65
560,Griffy,Rossoni,grossonifj@elegantthemes.com,Male,153.62.36.20
561,Israel,Raxworthy,iraxworthyfk@cargocollective.com,Male,137.96.175.119
562,Wolf,Bligh,wblighfl@xrea.com,Male,28.225.16.177
563,Sally,Bohills,sbohillsfm@imgur.com,Female,232.177.52.224
564,Simon,Broschke,sbroschkefn@unicef.org,Male,194.219.68.205
565,Maurie,Di Boldi,mdiboldifo@economist.com,Male,213.162.51.35
566,Ancell,McKinnon,amckinnonfp@mozilla.com,Male,212.187.124.160
567,Carlen,Ellaway,cellawayfq@devhub.com,Female,192.31.170.145
568,Albrecht,Offner,aoffnerfr@who.int,Male,154.249.189.208
569,Marlyn,Walbridge,mwalbridgefs@yellowpages.com,Female,128.28.183.208
570,Cheryl,Eul,ceulft@shareasale.com,Female,38.58.59.8
571,Irving,Birnie,ibirniefu@businesswire.com,Male,184.137.182.20
572,Roda,Joslow,rjoslowfv@phoca.cz,Female,234.2.157.156
573,George,Ordidge,gordidgefw@wikia.com,Male,53.85.15.135
574,Randene,Curley,rcurleyfx@tumblr.com,Female,24.247.193.24
575,Freddy,Kaasman,fkaasmanfy@gnu.org,Female,167.173.68.19
576,Christopher,Kulicke,ckulickefz@admin.ch,Male,14.125.53.81
577,Corbet,Killiam,ckilliamg0@geocities.com,Male,155.112.101.58
578,Cher,Barrus,cbarrusg1@weather.com,Female,182.143.50.25
579,Millie,Friberg,mfribergg2@webnode.com,Female,114.6.6.199
580,Benji,Willson,bwillsong3@surveymonkey.com,Male,56.43.155.210
581,Suzette,Spurritt,sspurrittg4@yelp.com,Female,47.20.35.120
582,Gustie,Allatt,gallattg5@bigcartel.com,Female,174.196.215.85
583,Nissy,Ellsbury,nellsburyg6@prweb.com,Female,135.224.220.137
584,Romy,Tayloe,rtayloeg7@mashable.com,Female,48.77.5.124
585,Tobie,Crossgrove,tcrossgroveg8@stumbleupon.com,Male,191.193.51.27
586,Carlota,Bulmer,cbulmerg9@example.com,Female,172.126.208.154
587,Page,Palfreman,ppalfremanga@fotki.com,Female,107.115.208.176
588,Catharine,Roake,croakegb@bloomberg.com,Female,58.224.136.175
589,Maxine,Deakin,mdeakingc@pinterest.com,Female,28.136.32.179
590,Josephina,Bellefant,jbellefantgd@pen.io,Female,207.117.100.36
591,Denni,Rupp,druppge@youtu.be,Female,78.10.237.36
592,Whitman,Grishunin,wgrishuningf@furl.net,Male,58.16.253.172
593,Hasheem,Huddart,hhuddartgg@twitpic.com,Male,150.25.213.4
594,Noam,Wilshere,nwilsheregh@arizona.edu,Male,82.252.62.135
595,Nevin,Torns,ntornsgi@reference.com,Male,167.64.0.172
596,Delainey,Emby,dembygj@printfriendly.com,Male,185.145.46.106
597,Phedra,Alves,palvesgk@tmall.com,Female,184.94.53.230
598,Ronny,Oulner,roulnergl@wikipedia.org,Female,233.194.32.15
599,Miner,Cruise,mcruisegm@prnewswire.com,Male,7.130.118.211
600,Nowell,Fears,nfearsgn@huffingtonpost.com,Male,68.103.251.146
601,Ly,Di Gregorio,ldigregoriogo@slate.com,Male,208.13.149.125
602,Randi,Ferrant,rferrantgp@google.com.hk,Female,133.176.87.144
603,Spence,MacRorie,smacroriegq@unblog.fr,Male,41.9.91.249
604,Arlen,Nesbeth,anesbethgr@technorati.com,Male,27.253.76.167
605,Johnette,Tearle,jtearlegs@clickbank.net,Female,172.50.7.74
606,Kelbee,Cornfoot,kcornfootgt@timesonline.co.uk,Male,121.157.202.177
607,Terese,Baugham,tbaughamgu@e-recht24.de,Female,33.99.240.76
608,Mair,Trillo,mtrillogv@walmart.com,Female,219.72.32.244
609,Hedvig,Stapforth,hstapforthgw@java.com,Female,155.222.55.46
610,Elwood,Sorby,esorbygx@hostgator.com,Male,9.32.169.33
611,Gwyneth,Champken,gchampkengy@soup.io,Female,198.167.165.168
612,Dulcie,Gresser,dgressergz@elegantthemes.com,Female,2.48.89.14
613,Shannon,Laroux,slarouxh0@photobucket.com,Female,143.57.225.47
614,Jenilee,Quigley,jquigleyh1@mediafire.com,Female,136.107.129.211
615,Charlotta,Eamer,ceamerh2@last.fm,Female,207.229.95.236
616,Matthias,Erington,meringtonh3@typepad.com,Male,135.163.191.113
617,Rocky,Aris,rarish4@ucla.edu,Male,149.15.242.205
618,Riordan,O'Dyvoie,rodyvoieh5@xinhuanet.com,Male,215.239.249.225
619,Archy,Pollendine,apollendineh6@census.gov,Male,152.162.77.112
620,Prinz,Foddy,pfoddyh7@bravesites.com,Male,82.19.96.40
621,Janine,Ponsford,jponsfordh8@virginia.edu,Female,18.43.209.241
622,Elwin,Garfirth,egarfirthh9@about.me,Male,145.67.37.166
623,Percy,Klamp,pklampha@furl.net,Male,83.50.172.87
624,L;urette,Jurzyk,ljurzykhb@goodreads.com,Female,120.101.126.194
625,Pris,Petticrow,ppetticrowhc@cbsnews.com,Female,64.224.206.101
626,Rodi,Ollerenshaw,rollerenshawhd@biglobe.ne.jp,Female,168.144.135.32
627,Frasquito,Ecclestone,fecclestonehe@mozilla.com,Male,139.208.30.121
628,Joelle,Fennelow,jfennelowhf@youtu.be,Female,23.89.54.44
629,Fannie,Mendoza,fmendozahg@typepad.com,Female,34.66.208.227
630,Alexine,Bernhardt,abernhardthh@shutterfly.com,Female,166.181.44.234
631,Giustino,Matts,gmattshi@fc2.com,Male,65.172.173.238
632,Corissa,Dillingstone,cdillingstonehj@admin.ch,Female,45.139.205.54
633,Kippie,Hugonnet,khugonnethk@pen.io,Male,117.126.17.250
634,Jobi,Francecione,jfrancecionehl@telegraph.co.uk,Female,219.235.88.189
635,Zacharie,Haughin,zhaughinhm@constantcontact.com,Male,167.216.86.170
636,Issi,Hartin,ihartinhn@cnet.com,Female,147.118.164.6
637,Morris,Brient,mbrientho@archive.org,Male,238.248.252.222
638,Emalee,Souten,esoutenhp@barnesandnoble.com,Female,202.193.221.61
639,Zacherie,Draijer,zdraijerhq@topsy.com,Male,2.225.20.133
640,Catha,Arminger,carmingerhr@nifty.com,Female,42.220.61.103
641,Barret,Kendrick,bkendrickhs@wikispaces.com,Male,82.151.195.175
642,Una,Mulliner,umullinerht@paypal.com,Female,90.113.2.105
643,Mirna,McGloin,mmcgloinhu@diigo.com,Female,180.147.145.69
644,Lucienne,Dell Casa,ldellcasahv@hp.com,Female,164.95.170.108
645,Natasha,Calow,ncalowhw@xrea.com,Female,21.195.34.152
646,Berta,Wemm,bwemmhx@quantcast.com,Female,207.239.34.14
647,Thorin,Marfield,tmarfieldhy@nhs.uk,Male,61.85.62.80
648,Beverie,Ion,bionhz@mozilla.com,Female,104.251.46.122
649,Miranda,Barts,mbartsi0@chron.com,Female,39.141.250.240
650,Emylee,Skillington,eskillingtoni1@adobe.com,Female,232.152.150.11
651,Kermy,Dmitrovic,kdmitrovici2@mlb.com,Male,185.2.222.47
652,Eben,Aves,eavesi3@google.fr,Male,150.144.176.87
653,Maximilianus,Cashman,mcashmani4@upenn.edu,Male,8.142.82.132
654,Bea,Roughan,broughani5@tmall.com,Female,50.91.228.87
655,Lauryn,Andersen,landerseni6@wisc.edu,Female,31.252.172.80
656,Ermentrude,McCrie,emccriei7@about.me,Female,227.97.106.31
657,Manuel,Drinkwater,mdrinkwateri8@homestead.com,Male,114.43.157.186
658,Trent,Yabsley,tyabsleyi9@mysql.com,Male,164.26.34.192
659,Di,Sanderson,dsandersonia@csmonitor.com,Female,206.177.255.22
660,Kelvin,Twigley,ktwigleyib@blogs.com,Male,128.89.244.243
661,Tobie,Pedrocco,tpedroccoic@phoca.cz,Male,107.91.75.46
662,Claire,Dohms,cdohmsid@fc2.com,Male,92.35.168.222
663,Alphonso,Spieck,aspieckie@hubpages.com,Male,169.3.12.102
664,Doll,Kinnie,dkinnieif@microsoft.com,Female,85.86.202.187
665,Eli,Windram,ewindramig@geocities.com,Male,66.72.30.33
666,Annadiana,Gittins,agittinsih@topsy.com,Female,252.240.93.181
667,Inger,MacElharge,imacelhargeii@goodreads.com,Female,165.2.220.183
668,Gabriel,Auden,gaudenij@dot.gov,Female,82.232.95.238
669,Hilliard,Cayford,hcayfordik@woothemes.com,Male,171.53.179.124
670,Cristen,Chansonne,cchansonneil@rakuten.co.jp,Female,226.244.249.194
671,Rickert,Bruins,rbruinsim@ifeng.com,Male,6.177.72.136
672,Huntley,Caghan,hcaghanin@jiathis.com,Male,4.124.41.194
673,Gottfried,Gaddesby,ggaddesbyio@latimes.com,Male,13.91.80.109
674,Susette,Shatliffe,sshatliffeip@trellian.com,Female,1.108.80.19
675,Tracy,Juris,tjurisiq@home.pl,Male,242.161.119.196
676,Francklin,Kernes,fkernesir@zdnet.com,Male,198.53.59.59
677,Catha,LLelweln,cllelwelnis@blog.com,Female,239.144.87.130
678,Dasya,Tapton,dtaptonit@is.gd,Female,45.134.215.34
679,Woody,Spurden,wspurdeniu@loc.gov,Male,189.226.224.46
680,Collie,Pegler,cpegleriv@buzzfeed.com,Female,196.121.154.2
681,Lolita,Ragless,lraglessiw@aboutads.info,Female,249.107.22.77
682,Pancho,Riggert,priggertix@vistaprint.com,Male,245.163.163.79
683,Vaclav,Wile,vwileiy@squarespace.com,Male,63.150.84.168
684,Helyn,Manton,hmantoniz@harvard.edu,Female,5.53.47.217
685,Julienne,Crinidge,jcrinidgej0@dion.ne.jp,Female,4.25.40.197
686,Benjamen,Aksell,baksellj1@ox.ac.uk,Male,86.6.115.26
687,Reed,Inns,rinnsj2@auda.org.au,Male,101.81.167.144
688,Pru,Ashplant,pashplantj3@vk.com,Female,28.2.206.8
689,Heinrik,Caught,hcaughtj4@usa.gov,Male,249.176.65.47
690,Reed,Fozzard,rfozzardj5@unesco.org,Male,182.146.164.34
691,Cathy,Gregersen,cgregersenj6@yelp.com,Female,149.102.27.79
692,Nicolea,Flanigan,nflaniganj7@hc360.com,Female,9.10.24.15
693,Lek,Pattingson,lpattingsonj8@intel.com,Male,202.130.79.202
694,Arleen,Sarah,asarahj9@go.com,Female,143.21.14.152
695,Almira,Killingsworth,akillingsworthja@typepad.com,Female,210.116.55.175
696,Miles,Glasper,mglasperjb@tiny.cc,Male,65.96.167.233
697,Brook,Ivakhnov,bivakhnovjc@printfriendly.com,Female,55.2.170.252
698,Sal,Morrallee,smorralleejd@toplist.cz,Female,45.165.191.138
699,Kevan,Boal,kboalje@sfgate.com,Male,253.158.221.90
700,Delainey,Edeson,dedesonjf@blinklist.com,Male,153.62.1.113
701,Burl,MacFie,bmacfiejg@mysql.com,Male,194.78.6.190
702,Caralie,Quinet,cquinetjh@lulu.com,Female,83.63.205.212
703,Nicolis,Nolan,nnolanji@sohu.com,Male,81.86.43.48
704,Florenza,Landor,flandorjj@nih.gov,Female,170.25.125.10
705,Star,Bernardon,sbernardonjk@dropbox.com,Female,36.201.44.201
706,Broddie,Skyrme,bskyrmejl@tmall.com,Male,235.10.183.9
707,Zahara,Caton,zcatonjm@thetimes.co.uk,Female,190.109.17.50
708,Levin,Dunn,ldunnjn@ebay.com,Male,232.119.199.193
709,Susie,Pittaway,spittawayjo@marketwatch.com,Female,174.25.45.118
710,Suzy,Hugonneau,shugonneaujp@ycombinator.com,Female,106.141.156.163
711,Marcellus,Broomhall,mbroomhalljq@youtu.be,Male,202.109.155.19
712,Kahlil,Childs,kchildsjr@state.tx.us,Male,72.77.27.43
713,Emmalynne,McMains,emcmainsjs@ihg.com,Female,56.159.183.80
714,Nerita,Sommerling,nsommerlingjt@hp.com,Female,22.64.65.123
715,Drusie,Drabble,ddrabbleju@boston.com,Female,64.181.244.31
716,Roddy,Station,rstationjv@europa.eu,Male,57.182.203.142
717,Early,Sheering,esheeringjw@independent.co.uk,Male,73.207.101.52
718,Elliot,Mattimoe,emattimoejx@zdnet.com,Male,255.47.69.15
719,Toiboid,Sandercock,tsandercockjy@wikipedia.org,Male,59.251.213.28
720,Nickie,Simonian,nsimonianjz@yale.edu,Male,40.127.252.27
721,Raymund,Simeoli,rsimeolik0@amazon.co.jp,Male,254.128.213.115
722,Sayres,Middlemist,smiddlemistk1@cdbaby.com,Male,106.126.50.235
723,Constantina,Cosgrave,ccosgravek2@nbcnews.com,Female,71.182.27.236
724,Edsel,Kimberly,ekimberlyk3@ucoz.ru,Male,14.55.83.211
725,Chiquia,Reck,creckk4@stumbleupon.com,Female,218.159.38.61
726,Cathlene,Villa,cvillak5@icio.us,Female,201.115.242.1
727,Farrah,Renak,frenakk6@furl.net,Female,192.153.170.245
728,Pierre,Dowrey,pdowreyk7@shareasale.com,Male,160.167.84.248
729,Marietta,Noen,mnoenk8@archive.org,Female,36.197.100.250
730,Garik,Sherreard,gsherreardk9@ycombinator.com,Male,22.217.244.100
731,Lisette,Lorand,llorandka@spiegel.de,Female,237.190.231.43
732,Nessi,Knowlton,nknowltonkb@phoca.cz,Female,187.204.202.211
733,Moore,Vassel,mvasselkc@howstuffworks.com,Male,63.225.93.47
734,Daron,Lots,dlotskd@imgur.com,Male,28.95.255.155
735,Lorne,Stockings,lstockingske@ycombinator.com,Male,255.204.2.30
736,Hughie,Klimkiewich,hklimkiewichkf@wikispaces.com,Male,144.183.178.4
737,Early,Dametti,edamettikg@amazon.com,Male,170.120.130.242
738,Vevay,Izac,vizackh@rambler.ru,Female,78.38.43.200
739,Harman,Barz,hbarzki@fda.gov,Male,90.163.9.53
740,Codie,Eagleton,ceagletonkj@yellowpages.com,Female,76.253.44.46
741,Corty,Lightbourn,clightbournkk@spiegel.de,Male,92.211.62.40
742,Ely,Bewshaw,ebewshawkl@sphinn.com,Male,134.99.245.167
743,Margo,Daouze,mdaouzekm@domainmarket.com,Female,39.142.151.21
744,Ainslie,Sacase,asacasekn@google.es,Female,164.170.235.81
745,Nathaniel,Trythall,ntrythallko@utexas.edu,Male,140.65.122.118
746,Farrand,Doggart,fdoggartkp@usa.gov,Female,250.97.229.56
747,Vassili,Clucas,vclucaskq@google.com.au,Male,168.85.196.246
748,Der,Minchella,dminchellakr@intel.com,Male,161.227.52.150
749,Rici,Guion,rguionks@businessweek.com,Female,132.41.213.112
750,Vivia,Antwis,vantwiskt@wikipedia.org,Female,253.235.70.133
751,Oliviero,Ettridge,oettridgeku@imdb.com,Male,250.54.246.152
752,Reeva,Pierse,rpiersekv@is.gd,Female,217.38.26.77
753,Eda,Downgate,edowngatekw@rambler.ru,Female,232.102.99.86
754,Adelbert,Bebb,abebbkx@mlb.com,Male,253.225.82.187
755,Garold,Delamaine,gdelamaineky@earthlink.net,Male,64.109.243.252
756,Mayor,Clempton,mclemptonkz@about.me,Male,90.61.107.47
757,Elsworth,Hurche,ehurchel0@t-online.de,Male,157.239.145.150
758,Chadwick,Skells,cskellsl1@archive.org,Male,170.129.161.102
759,Eldin,Bessom,ebessoml2@1und1.de,Male,133.79.113.213
760,Cristiano,Ternent,cternentl3@51.la,Male,189.234.99.46
761,Reba,Coulthard,rcoulthardl4@blogspot.com,Female,98.149.16.178
762,Aldrich,Sarjant,asarjantl5@utexas.edu,Male,171.127.168.162
763,Reynold,Windmill,rwindmilll6@mail.ru,Male,56.148.81.24
764,Jamie,Annable,jannablel7@so-net.ne.jp,Female,67.186.78.239
765,Maressa,Eagell,meagelll8@virginia.edu,Female,188.54.163.63
766,Sisely,Shirland,sshirlandl9@reverbnation.com,Female,142.109.58.241
767,Stacee,Greatland,sgreatlandla@china.com.cn,Male,186.177.6.155
768,Thaxter,Vickar,tvickarlb@people.com.cn,Male,248.146.135.58
769,Madella,Woof,mwooflc@epa.gov,Female,77.164.92.206
770,Magnum,Rush,mrushld@tinyurl.com,Male,175.251.117.140
771,Mahalia,Kynvin,mkynvinle@dyndns.org,Female,229.183.49.213
772,Alick,Brumen,abrumenlf@jiathis.com,Male,223.19.42.251
773,Albert,Byfford,abyffordlg@illinois.edu,Male,8.172.225.209
774,Jo,Barrows,jbarrowslh@alibaba.com,Male,226.138.53.3
775,Angil,Collum,acollumli@rakuten.co.jp,Female,96.192.102.29
776,Sibley,Bartalin,sbartalinlj@issuu.com,Female,47.83.73.9
777,Lynn,Pee,lpeelk@chron.com,Female,61.188.94.233
778,Aleksandr,Gowthrop,agowthropll@berkeley.edu,Male,199.4.244.109
779,Viki,Janczak,vjanczaklm@instagram.com,Female,19.93.67.253
780,Brandise,Sirrell,bsirrellln@pagesperso-orange.fr,Female,81.226.54.22
781,Marjie,Butland,mbutlandlo@paginegialle.it,Female,153.76.54.229
782,Hebert,Pulster,hpulsterlp@meetup.com,Male,208.150.238.209
783,Audrie,Barnfather,abarnfatherlq@craigslist.org,Female,18.39.230.229
784,Tito,Chopin,tchopinlr@spotify.com,Male,6.29.142.150
785,Milt,McClaughlin,mmcclaughlinls@usda.gov,Male,70.3.98.70
786,Barnebas,Cissen,bcissenlt@europa.eu,Male,140.111.168.230
787,Rorie,Bisiker,rbisikerlu@yellowbook.com,Female,62.3.239.249
788,Zola,Gaine,zgainelv@tuttocitta.it,Female,152.81.211.162
789,Leesa,Bragge,lbraggelw@oracle.com,Female,127.139.56.16
790,Glenn,Pulsford,gpulsfordlx@google.pl,Male,8.6.175.5
791,Sara,Knoller,sknollerly@reuters.com,Female,158.157.169.187
792,Agneta,Sheere,asheerelz@dropbox.com,Female,135.9.213.248
793,Quentin,Hort,qhortm0@g.co,Female,125.110.111.185
794,Margalit,Applegarth,mapplegarthm1@pcworld.com,Female,224.218.61.57
795,Jaquith,Loiterton,jloitertonm2@discuz.net,Female,141.251.254.122
796,Jackie,Punchard,jpunchardm3@pagesperso-orange.fr,Female,61.94.194.28
797,Sabra,Porkiss,sporkissm4@house.gov,Female,34.166.105.65
798,Wolfy,Henriet,whenrietm5@engadget.com,Male,153.153.69.133
799,Celina,Acuna,cacunam6@senate.gov,Female,123.115.229.209
800,Bar,O'Hern,bohernm7@de.vu,Male,234.245.138.150
801,Orrin,Cholomin,ocholominm8@nymag.com,Male,135.248.217.29
802,Morgun,Disman,mdismanm9@delicious.com,Male,97.227.221.133
803,Loralee,Ivakhnov,livakhnovma@house.gov,Female,68.221.251.28
804,Winni,Palmby,wpalmbymb@redcross.org,Female,33.83.206.5
805,Gorden,Linturn,glinturnmc@instagram.com,Male,59.9.4.163
806,Alfreda,Ernshaw,aernshawmd@bbc.co.uk,Female,102.135.12.234
807,Lesley,Filipovic,lfilipovicme@sogou.com,Male,64.37.236.240
808,Bernadine,Ruffy,bruffymf@drupal.org,Female,168.219.236.23
809,Maddalena,Darmody,mdarmodymg@edublogs.org,Female,191.101.122.176
810,Florrie,Christie,fchristiemh@seesaa.net,Female,220.41.78.175
811,Ches,Hartley,chartleymi@dmoz.org,Male,125.101.199.197
812,Aguste,Betham,abethammj@icio.us,Male,84.241.106.111
813,Robinia,D'eath,rdeathmk@nsw.gov.au,Female,116.107.114.84
814,Micah,Wingeatt,mwingeattml@bloglovin.com,Male,222.7.92.225
815,Lefty,Decourcy,ldecourcymm@prlog.org,Male,143.176.2.178
816,Agustin,Stoodley,astoodleymn@redcross.org,Male,209.215.50.13
817,Matty,Wordington,mwordingtonmo@facebook.com,Female,149.136.63.74
818,Saunder,Sisland,ssislandmp@delicious.com,Male,108.141.1.206
819,Carine,Bourchier,cbourchiermq@dion.ne.jp,Female,140.131.132.214
820,Earl,Gater,egatermr@squidoo.com,Male,10.6.190.206
821,Cody,Banford,cbanfordms@soundcloud.com,Male,126.71.232.125
822,Feodora,McLugish,fmclugishmt@drupal.org,Female,172.46.80.132
823,Torrie,Caulfield,tcaulfieldmu@theglobeandmail.com,Female,44.33.19.119
824,Abbey,Aglione,aaglionemv@fda.gov,Male,116.69.251.163
825,Mattie,Kiddie,mkiddiemw@friendfeed.com,Male,22.233.64.15
826,Binni,Grenshields,bgrenshieldsmx@mtv.com,Female,208.218.127.63
827,Andie,Brion,abrionmy@usnews.com,Male,158.44.113.186
828,Stuart,Squier,ssquiermz@google.com,Male,89.210.103.225
829,Dorthy,Verriour,dverriourn0@miibeian.gov.cn,Female,113.48.41.128
830,Leeann,Deval,ldevaln1@nifty.com,Female,27.20.61.252
831,Lilith,Haydney,lhaydneyn2@redcross.org,Female,164.164.66.182
832,Dawna,Ianittello,dianittellon3@ehow.com,Female,153.190.11.202
833,Natka,Wabersinke,nwabersinken4@cisco.com,Female,97.186.188.234
834,Kaleb,Killgus,kkillgusn5@vinaora.com,Male,214.131.93.205
835,Georgina,Corrao,gcorraon6@bloglines.com,Female,28.245.30.153
836,Sophey,Vanni,svannin7@cocolog-nifty.com,Female,80.86.43.190
837,Angel,Segebrecht,asegebrechtn8@smugmug.com,Male,127.70.131.11
838,Georgiana,Wanell,gwanelln9@mashable.com,Female,57.68.49.73
839,Murry,Heaphy,mheaphyna@histats.com,Male,45.42.6.18
840,Gar,Andreou,gandreounb@people.com.cn,Male,203.245.121.73
841,Rick,Platfoot,rplatfootnc@bandcamp.com,Male,174.189.216.107
842,Chevy,Gaymer,cgaymernd@chron.com,Male,50.199.28.32
843,Angil,Mennell,amennellne@zdnet.com,Female,56.172.191.239
844,Maxwell,Hartlebury,mhartleburynf@loc.gov,Male,192.168.101.99
845,Rossy,Biggs,rbiggsng@zdnet.com,Male,131.203.57.205
846,Germaine,Vanichkin,gvanichkinnh@ezinearticles.com,Male,70.145.200.191
847,Llewellyn,Beddo,lbeddoni@printfriendly.com,Male,243.50.187.58
848,Laurens,Izzat,lizzatnj@about.me,Male,99.9.183.97
849,Alta,Raywood,araywoodnk@icq.com,Female,78.120.206.248
850,Barry,Lynnett,blynnettnl@nbcnews.com,Male,23.15.238.195
851,Orsa,Philler,ophillernm@chronoengine.com,Female,138.75.151.188
852,Marj,Geator,mgeatornn@w3.org,Female,225.121.228.248
853,Sandie,Eliasson,seliassonno@imageshack.us,Female,118.81.76.252
854,Bancroft,Scrivinor,bscrivinornp@si.edu,Male,85.198.40.150
855,Morgen,Jeste,mjestenq@macromedia.com,Male,71.109.158.146
856,Devin,Cull,dcullnr@businessinsider.com,Male,87.94.60.253
857,Lizette,Benoy,lbenoyns@parallels.com,Female,206.91.17.80
858,Garvin,Iacobucci,giacobuccint@hatena.ne.jp,Male,177.218.245.14
859,Perren,Warden,pwardennu@over-blog.com,Male,113.142.98.0
860,Shelagh,Albury,salburynv@nature.com,Female,49.238.26.15
861,Brander,Jesse,bjessenw@businessweek.com,Male,144.237.114.177
862,Reta,Rubinfajn,rrubinfajnnx@devhub.com,Female,211.97.133.96
863,Patrice,Cready,pcreadyny@ow.ly,Male,108.46.149.103
864,Amie,Aloshikin,aaloshikinnz@abc.net.au,Female,187.176.168.58
865,Katherina,Outibridge,koutibridgeo0@histats.com,Female,216.110.172.147
866,Rouvin,Varcoe,rvarcoeo1@diigo.com,Male,29.54.255.156
867,Evanne,Mordaunt,emordaunto2@flavors.me,Female,28.10.29.20
868,Carmine,O'Cahsedy,cocahsedyo3@ustream.tv,Male,38.177.53.72
869,Libbie,Liverseege,lliverseegeo4@clickbank.net,Female,137.238.43.157
870,Germana,Le Quesne,glequesneo5@squarespace.com,Female,118.24.191.119
871,Yancy,Conroy,yconroyo6@bluehost.com,Male,251.35.85.0
872,Axe,Madeley,amadeleyo7@intel.com,Male,208.246.123.202
873,Sergio,Pauncefoot,spauncefooto8@reference.com,Male,190.128.117.169
874,Normie,Speed,nspeedo9@seesaa.net,Male,97.53.42.132
875,Olenolin,Coytes,ocoytesoa@wisc.edu,Male,4.33.24.19
876,Brigida,Breming,bbremingob@yelp.com,Female,254.100.90.140
877,Leif,Boyson,lboysonoc@gizmodo.com,Male,204.84.10.195
878,Manolo,Mettericke,mmetterickeod@mapy.cz,Male,122.52.98.81
879,Ase,Sorbey,asorbeyoe@tamu.edu,Male,62.34.160.100
880,Glenna,Dunnan,gdunnanof@tmall.com,Female,236.46.167.81
881,Brew,Swyne,bswyneog@storify.com,Male,184.176.235.45
882,Evangelia,Abriani,eabrianioh@prweb.com,Female,157.89.173.125
883,Van,Okenden,vokendenoi@so-net.ne.jp,Female,74.254.74.134
884,Dicky,Binden,dbindenoj@clickbank.net,Male,236.238.250.228
885,Arabel,Prime,aprimeok@phoca.cz,Female,23.33.159.207
886,Bennie,Dryden,bdrydenol@reuters.com,Female,50.84.72.225
887,Alix,Hatterslay,ahatterslayom@bandcamp.com,Female,167.220.213.211
888,Vinita,Bukac,vbukacon@meetup.com,Female,101.255.152.121
889,Curcio,Gaitskill,cgaitskilloo@homestead.com,Male,150.9.131.136
890,Rae,Carbonell,rcarbonellop@unesco.org,Female,50.39.90.232
891,Roman,Peasnone,rpeasnoneoq@imageshack.us,Male,38.134.64.243
892,Humfrid,MacGaughy,hmacgaughyor@sbwire.com,Male,121.133.146.53
893,Jake,Arnke,jarnkeos@mozilla.org,Male,231.94.144.80
894,Gaultiero,Lohoar,glohoarot@booking.com,Male,107.127.251.79
895,Sergeant,Bagworth,sbagworthou@rakuten.co.jp,Male,179.7.104.223
896,Rory,Abrahamsohn,rabrahamsohnov@tiny.cc,Male,215.122.136.6
897,Bucky,McGillivrie,bmcgillivrieow@ezinearticles.com,Male,224.142.228.234
898,Shani,Menelaws,smenelawsox@facebook.com,Female,62.254.113.7
899,Ardenia,Houldin,ahouldinoy@i2i.jp,Female,208.102.164.108
900,Bastien,Corcoran,bcorcoranoz@china.com.cn,Male,141.60.181.145
901,Carine,Hunnam,chunnamp0@usa.gov,Female,67.69.30.147
902,Ailbert,McCracken,amccrackenp1@godaddy.com,Male,228.42.28.107
903,Adrien,Gibbie,agibbiep2@feedburner.com,Male,120.103.250.169
904,Fabian,Clinch,fclinchp3@sitemeter.com,Male,134.36.18.151
905,Adrea,Aguilar,aaguilarp4@bandcamp.com,Female,139.40.152.126
906,Rollo,Stockell,rstockellp5@dyndns.org,Male,115.195.182.207
907,Pearl,Rewcassell,prewcassellp6@apache.org,Female,214.27.113.64
908,Welby,Antuk,wantukp7@xinhuanet.com,Male,84.224.54.92
909,Corrina,Wank,cwankp8@photobucket.com,Female,79.29.56.77
910,Robbi,Guiden,rguidenp9@php.net,Female,20.178.106.7
911,Philbert,Ghest,pghestpa@craigslist.org,Male,85.172.77.240
912,Teresa,Risbridger,trisbridgerpb@youku.com,Female,91.181.174.254
913,Hermie,Bille,hbillepc@tinypic.com,Male,161.225.215.39
914,Nap,Creyke,ncreykepd@amazon.com,Male,50.17.172.190
915,Kerwin,Andreopolos,kandreopolospe@eventbrite.com,Male,67.88.21.161
916,Harwilll,McLise,hmclisepf@sciencedaily.com,Male,20.249.135.184
917,Florette,Lante,flantepg@bluehost.com,Female,245.217.1.64
918,Riccardo,Rings,rringsph@yandex.ru,Male,144.235.61.40
919,Ingra,Gontier,igontierpi@bbc.co.uk,Male,14.112.223.93
920,Ki,Quibell,kquibellpj@csmonitor.com,Female,223.28.101.31
921,Jaquenette,Husset,jhussetpk@unesco.org,Female,29.33.16.123
922,Reba,Blumfield,rblumfieldpl@jimdo.com,Female,190.206.104.86
923,Staffard,Brogiotti,sbrogiottipm@unicef.org,Male,217.168.212.36
924,Christin,Wrintmore,cwrintmorepn@surveymonkey.com,Female,156.199.224.163
925,Gates,Startin,gstartinpo@odnoklassniki.ru,Female,58.25.211.19
926,Harmon,Burridge,hburridgepp@illinois.edu,Male,27.115.110.157
927,Tynan,Dodding,tdoddingpq@live.com,Male,71.208.185.224
928,Garrik,Gladyer,ggladyerpr@google.pl,Male,28.163.120.16
929,Arleen,Nannini,ananninips@over-blog.com,Female,133.15.245.193
930,Purcell,Merrell,pmerrellpt@wisc.edu,Male,37.91.243.231
931,Augustine,Maddams,amaddamspu@tuttocitta.it,Female,57.61.214.182
932,Christy,Abrey,cabreypv@bloglines.com,Male,127.73.175.62
933,Kerstin,Shimmans,kshimmanspw@twitter.com,Female,98.45.24.66
934,Ag,Gammet,agammetpx@java.com,Female,254.146.179.248
935,Isidor,Shillito,ishillitopy@trellian.com,Male,57.165.71.250
936,Delmer,Clappison,dclappisonpz@unc.edu,Male,188.30.62.173
937,Heidie,Vitall,hvitallq0@answers.com,Female,17.232.151.163
938,Feodora,Hardman,fhardmanq1@imageshack.us,Female,144.79.12.251
939,Theressa,Goring,tgoringq2@umn.edu,Female,2.191.160.215
940,Adele,Litherborough,alitherboroughq3@surveymonkey.com,Female,137.118.183.72
941,Nerte,Gyurkovics,ngyurkovicsq4@addtoany.com,Female,211.25.96.15
942,Dell,Parsonage,dparsonageq5@cornell.edu,Female,167.239.3.229
943,Theobald,Treslove,ttresloveq6@cyberchimps.com,Male,198.245.195.209
944,Marillin,Le Friec,mlefriecq7@wisc.edu,Female,158.47.91.225
945,Kristofor,Lodwick,klodwickq8@github.io,Male,114.98.18.200
946,Syd,Bygott,sbygottq9@booking.com,Male,76.72.201.102
947,Cort,Corse,ccorseqa@xing.com,Male,61.158.163.203
948,Harp,Ickov,hickovqb@360.cn,Male,207.41.202.192
949,Ali,Pridden,apriddenqc@com.com,Female,136.17.198.215
950,Lynnell,Coleridge,lcoleridgeqd@studiopress.com,Female,203.192.4.74
951,Naomi,Biggadike,nbiggadikeqe@java.com,Female,27.224.16.158
952,Delainey,Tilling,dtillingqf@ask.com,Male,137.202.19.9
953,Lauren,Luppitt,lluppittqg@soup.io,Male,158.50.32.197
954,Eli,McHugh,emchughqh@storify.com,Male,36.3.97.100
955,Adam,Leindecker,aleindeckerqi@usgs.gov,Male,203.36.123.21
956,Ric,Gussie,rgussieqj@cocolog-nifty.com,Male,120.86.147.58
957,Liuka,Wheeler,lwheelerqk@jalbum.net,Female,91.148.237.227
958,Cyrillus,Angood,cangoodql@skyrock.com,Male,152.142.27.166
959,Gothart,Fripp,gfrippqm@shop-pro.jp,Male,47.75.30.247
960,Rodi,Copley,rcopleyqn@nsw.gov.au,Female,216.236.207.101
961,Ranice,Jellman,rjellmanqo@zdnet.com,Female,14.207.208.85
962,Sibeal,Fields,sfieldsqp@weather.com,Female,254.65.91.32
963,Tuckie,Kupke,tkupkeqq@rambler.ru,Male,250.59.222.201
964,Joell,Samwyse,jsamwyseqr@nba.com,Female,4.67.91.179
965,Elden,Scrase,escraseqs@bravesites.com,Male,93.111.215.186
966,Ariella,Tutill,atutillqt@boston.com,Female,88.178.70.4
967,Carine,Tolland,ctollandqu@cbslocal.com,Female,184.48.189.10
968,Sammie,Senecaut,ssenecautqv@bloglovin.com,Male,145.175.244.122
969,Shandeigh,Bonick,sbonickqw@istockphoto.com,Female,162.77.25.173
970,Jeanne,McClenaghan,jmcclenaghanqx@kickstarter.com,Female,10.255.196.156
971,Giffard,Bizzey,gbizzeyqy@auda.org.au,Male,201.68.61.79
972,Loralyn,Gladdor,lgladdorqz@ebay.co.uk,Female,229.31.86.11
973,Cornela,Shera,csherar0@altervista.org,Female,160.10.192.96
974,Gaspard,Scarf,gscarfr1@abc.net.au,Male,240.95.181.158
975,Greta,Gledstane,ggledstaner2@dailymotion.com,Female,203.79.166.108
976,Drucill,Pervoe,dpervoer3@wsj.com,Female,183.111.223.58
977,Eddi,Cainey,ecaineyr4@soup.io,Female,173.126.35.98
978,Cordell,Flecknell,cflecknellr5@twitpic.com,Male,108.93.101.71
979,Granthem,Ingleston,ginglestonr6@xing.com,Male,33.94.169.49
980,Alberto,Louedey,alouedeyr7@gov.uk,Male,66.32.10.235
981,Guthrey,Brotherhood,gbrotherhoodr8@arstechnica.com,Male,44.196.170.12
982,Hermione,Rehm,hrehmr9@about.com,Female,231.237.5.208
983,Warren,Agglio,waggliora@myspace.com,Male,100.205.210.4
984,Holly,Legging,hleggingrb@moonfruit.com,Female,225.118.33.128
985,Bordie,Lewsy,blewsyrc@hatena.ne.jp,Male,84.34.254.27
986,Nanine,Alans,nalansrd@studiopress.com,Female,206.69.168.154
987,Alanson,Hagan,ahaganre@yellowpages.com,Male,180.87.200.28
988,Lorain,LaBastida,llabastidarf@alexa.com,Female,250.165.1.0
989,Mathilda,Mannagh,mmannaghrg@elpais.com,Female,211.144.95.244
990,Mariann,Merrien,mmerrienrh@japanpost.jp,Female,107.53.251.73
991,Tirrell,Ritter,tritterri@gnu.org,Male,238.225.176.83
992,Walther,Gymlett,wgymlettrj@privacy.gov.au,Male,240.84.21.132
993,Paolina,Stronghill,pstronghillrk@alexa.com,Female,102.112.220.36
994,Willetta,Lowdwell,wlowdwellrl@loc.gov,Female,105.157.98.246
995,Zared,Garvan,zgarvanrm@europa.eu,Male,170.153.163.202
996,Marcos,Gratten,mgrattenrn@smh.com.au,Male,148.198.29.72
997,Shaughn,Barthrop,sbarthropro@cbslocal.com,Male,135.252.36.215
998,Ingrim,Kintzel,ikintzelrp@mozilla.org,Male,169.152.140.117
999,Ada,Dibdale,adibdalerq@edublogs.org,Female,136.172.114.178
1000,Teresita,Ticic,tticicrr@hao123.com,Female,2.57.202.30
